{
  "data": [
    {
      "name": "(新增)稳定轮播*荐*",
      "pic": "https://tva3.sinaimg.cn/large/0072Vf1pgy1foxkf2ckn5j31hc0u0nkl.jpg",
      "url": "https://cdn.jsdelivr.net/gh/FreeDTV/FreeD@latest/tv/douyu.txt",
      "type": "txt",
      "subTitle": "经典动画电影整理中",
      "click": true,
      "autoNext": false,
      "webOpen": false,
      "keyDownPlay": true,
      "keyUpPlay": true,
      "userAgent": "Mozilla/5.0 (Linux; U; Android 8.1.0; zh-cn; BLA-AL00 Build/HUAWEIBLA-AL00) AppleWebKit/537.36 (KHTML, like Gecko) Version/4.0 Chrome/57.0.2987.132 MQQBrowser/8.9 Mobile Safari/537.36",
      "ads": "",
      "decoder": 0,
      "webPlus": {}
    },
    {
      "name": "动作片推荐2021.07.23更",
      "pic": "https://img9.doubanio.com/view/photo/l/public/p2621315475.webp",
      "url": "https://cdn.jsdelivr.net/gh/FreeDTV/FreeD@latest/tv/大片推荐.txt",
      "type": "txt",
      "subTitle": "动作片推荐",
      "click": true,
      "autoNext": true,
      "webOpen": false,
      "keyDownPlay": true,
      "keyUpPlay": true,
      "ads": "",
      "decoder": 0,
      "webPlus": {}
    },
    {
      "name": "海贼王1-200",
      "pic": "https://img9.doubanio.com/view/photo/l/public/p2621315475.webp",
      "url": "https://cdn.jsdelivr.net/gh/FreeDTV/FreeD@latest/tv/%E6%B5%B7%E8%B4%BC%E7%8E%8B1-200.txt",
      "type": "txt",
      "subTitle": "海贼王系列",
      "click": true,
      "autoNext": true,
      "webOpen": false,
      "keyDownPlay": true,
      "keyUpPlay": true,
      "ads": "",
      "decoder": 0,
      "webPlus": {}
    },
    {
      "name": "海贼王201-400",
      "pic": "https://img2.doubanio.com/view/photo/l/public/p2621315692.webp",
      "url": "https://cdn.jsdelivr.net/gh/FreeDTV/FreeD@latest/tv/%E6%B5%B7%E8%B4%BC%E7%8E%8B201-400.txt",
      "type": "txt",
      "subTitle": "海贼王系列",
      "click": true,
      "autoNext": true,
      "webOpen": false,
      "keyDownPlay": true,
      "keyUpPlay": true,
      "ads": "",
      "decoder": 0,
      "webPlus": {}
    },
    {
      "name": "海贼王401-600",
      "pic": "https://img3.doubanio.com/view/photo/l/public/p2621316330.webp",
      "url": "https://cdn.jsdelivr.net/gh/FreeDTV/FreeD@latest/tv/%E6%B5%B7%E8%B4%BC%E7%8E%8B401-600.txt",
      "type": "txt",
      "subTitle": "海贼王系列",
      "click": true,
      "autoNext": true,
      "webOpen": false,
      "keyDownPlay": true,
      "keyUpPlay": true,
      "ads": "",
      "decoder": 0,
      "webPlus": {}
    },
    {
      "name": "海贼王601-800",
      "pic": "https://img2.doubanio.com/view/photo/l/public/p2621316381.webp",
      "url": "https://cdn.jsdelivr.net/gh/FreeDTV/FreeD@latest/tv/%E6%B5%B7%E8%B4%BC%E7%8E%8B601-800.txt",
      "type": "txt",
      "subTitle": "海贼王系列",
      "click": true,
      "autoNext": true,
      "webOpen": false,
      "keyDownPlay": true,
      "keyUpPlay": true,
      "ads": "",
      "decoder": 0,
      "webPlus": {}
    },
    {
      "name": "海贼王801-980",
      "pic": "https://img2.doubanio.com/view/photo/l/public/p2621453172.webp",
      "url": "https://cdn.jsdelivr.net/gh/FreeDTV/FreeD@latest/tv/%E6%B5%B7%E8%B4%BC%E7%8E%8B801-980.txt",
      "type": "txt",
      "subTitle": "海贼王系列",
      "click": true,
      "autoNext": true,
      "webOpen": false,
      "keyDownPlay": true,
      "keyUpPlay": true,
      "ads": "",
      "decoder": 0,
      "webPlus": {}
    },
    {
      "name": "权游全系列",
      "pic": "https://img9.doubanio.com/view/photo/l/public/p2553910106.webp",
      "url": "https://cdn.jsdelivr.net/gh/FreeDTV/FreeD@latest/tv/%E6%9D%83%E5%8A%9B%E7%9A%84%E6%B8%B8%E6%88%8F%E7%B3%BB%E5%88%97.txt",
      "type": "txt",
      "subTitle": "漫威系列电影整理中",
      "click": true,
      "autoNext": true,
      "webOpen": false,
      "keyDownPlay": true,
      "keyUpPlay": true,
      "ads": "",
      "decoder": 0,
      "webPlus": {}
    },
    {
      "name": "漫威系列",
      "pic": "https://img1.doubanio.com/view/photo/l/public/p1679995879.webp",
      "url": "https://cdn.jsdelivr.net/gh/FreeDTV/FreeD/tv/%E6%BC%AB%E5%A8%81%E7%B3%BB%E5%88%97.json",
      "type": "gitJson",
      "subTitle": "漫威系列电影整理中",
      "click": true,
      "autoNext": true,
      "webOpen": false,
      "keyDownPlay": false,
      "keyUpPlay": false,
      "userAgent": "Mozilla/5.0 (Linux; U; Android 8.1.0; zh-cn; BLA-AL00 Build/HUAWEIBLA-AL00) AppleWebKit/537.36 (KHTML, like Gecko) Version/4.0 Chrome/57.0.2987.132 MQQBrowser/8.9 Mobile Safari/537.36",
      "ads": "",
      "decoder": 0,
      "webPlus": {}
    },
    {
      "name": "速度与激情系列",
      "pic": "https://img1.doubanio.com/view/photo/l/public/p2564987097.webp",
      "url": "https://cdn.jsdelivr.net/gh/FreeDTV/FreeD/tv/%E9%80%9F%E5%BA%A6%E4%B8%8E%E6%BF%80%E6%83%85%E7%B3%BB%E5%88%97.json",
      "type": "gitJson",
      "subTitle": "速度与激情系列电影整理中",
      "click": true,
      "autoNext": true,
      "webOpen": false,
      "keyDownPlay": false,
      "keyUpPlay": false,
      "userAgent": "Mozilla/5.0 (Linux; U; Android 8.1.0; zh-cn; BLA-AL00 Build/HUAWEIBLA-AL00) AppleWebKit/537.36 (KHTML, like Gecko) Version/4.0 Chrome/57.0.2987.132 MQQBrowser/8.9 Mobile Safari/537.36",
      "ads": "",
      "decoder": 0,
      "webPlus": {}
    },
    {
      "name": "直播",
      "pic": "https://tva3.sinaimg.cn/large/0072Vf1pgy1foxkf2ckn5j31hc0u0nkl.jpg",
      "url": "https://cdn.jsdelivr.net/gh/goolguy007/radioer/TVradio.m3u",
      "type": "m3u",
      "subTitle": "经典动画电影整理中",
      "click": true,
      "autoNext": true,
      "webOpen": false,
      "keyDownPlay": true,
      "keyUpPlay": true,
      "userAgent": "Mozilla/5.0 (Linux; U; Android 8.1.0; zh-cn; BLA-AL00 Build/HUAWEIBLA-AL00) AppleWebKit/537.36 (KHTML, like Gecko) Version/4.0 Chrome/57.0.2987.132 MQQBrowser/8.9 Mobile Safari/537.36",
      "ads": "",
      "decoder": 0,
      "webPlus": {}
    },
    {
      "name": "(新增)hy电影(选IJK解码)",
      "pic": "https://tva1.sinaimg.cn/large/a15b4afegy1fmvjekvk6yj21hc0u0h7x.jpg",
      "url": "https://gitee.com/freedTV/freed/raw/master/tv/电影轮播.txt",
      "type": "txt",
      "subTitle": "",
      "click": false,
      "autoNext": false,
      "webOpen": false,
      "keyDownPlay": true,
      "keyUpPlay": true,
      "userAgent": "Mozilla/5.0 (Linux; U; Android 8.1.0; zh-cn; BLA-AL00 Build/HUAWEIBLA-AL00) AppleWebKit/537.36 (KHTML, like Gecko) Version/4.0 Chrome/57.0.2987.132 MQQBrowser/8.9 Mobile Safari/537.36",
      "ads": "",
      "decoder": 1,
      "webPlus": {}
    },
    {
      "name": "(新增)hy电视(选IJK解码)",
      "pic": "https://tva1.sinaimg.cn/large/0072Vf1pgy1foxkc6qp2sj31hc0u0k1p.jpg",
      "url": "https://gitee.com/freedTV/freed/raw/master/tv/电视轮播.txt",
      "type": "txt",
      "subTitle": "",
      "click": false,
      "autoNext": false,
      "webOpen": false,
      "keyDownPlay": true,
      "keyUpPlay": true,
      "userAgent": "Mozilla/5.0 (Linux; U; Android 8.1.0; zh-cn; BLA-AL00 Build/HUAWEIBLA-AL00) AppleWebKit/537.36 (KHTML, like Gecko) Version/4.0 Chrome/57.0.2987.132 MQQBrowser/8.9 Mobile Safari/537.36",
      "ads": "",
      "decoder": 1,
      "webPlus": {}
    },
    {
      "name": "(新增)hy综艺(选IJK解码)",
      "pic": "https://tva4.sinaimg.cn/large/a15b4afely1fnt9plhh8oj21hc0u0dxy.jpg",
      "url": "https://gitee.com/freedTV/freed/raw/master/tv/综艺轮播.txt",
      "type": "txt",
      "subTitle": "",
      "click": false,
      "autoNext": false,
      "webOpen": false,
      "keyDownPlay": true,
      "keyUpPlay": true,
      "userAgent": "Mozilla/5.0 (Linux; U; Android 8.1.0; zh-cn; BLA-AL00 Build/HUAWEIBLA-AL00) AppleWebKit/537.36 (KHTML, like Gecko) Version/4.0 Chrome/57.0.2987.132 MQQBrowser/8.9 Mobile Safari/537.36",
      "ads": "",
      "decoder": 1,
      "webPlus": {}
    },
    {
      "name": "yk(新增/IJK解码)",
      "pic": "https://tva1.sinaimg.cn/large/a15b4afely1fmvj6ly1yqj21hc0u00vv.jpg",
      "url": "https://gitee.com/freedTV/freed/raw/master/tv/youku.m3u",
      "type": "txt",
      "subTitle": "经典动画电影整理中",
      "click": false,
      "autoNext": false,
      "webOpen": false,
      "keyDownPlay": true,
      "keyUpPlay": true,
      "userAgent": "Mozilla/5.0 (Linux; U; Android 8.1.0; zh-cn; BLA-AL00 Build/HUAWEIBLA-AL00) AppleWebKit/537.36 (KHTML, like Gecko) Version/4.0 Chrome/57.0.2987.132 MQQBrowser/8.9 Mobile Safari/537.36",
      "ads": "",
      "decoder": 1,
      "webPlus": {}
    },
    {
      "name": "央卫(更新:20210205)",
      "pic": "https://tva1.sinaimg.cn/large/0072Vf1pgy1fodqgoyhkrj31hc0u0khb.jpg",
      "url": "https://gitee.com/freedTV/freed/raw/master/tv/live.m3u",
      "type": "txt",
      "subTitle": "经典动画电影整理中",
      "click": false,
      "autoNext": false,
      "webOpen": false,
      "keyDownPlay": true,
      "keyUpPlay": true,
      "userAgent": "Mozilla/5.0 (Linux; U; Android 8.1.0; zh-cn; BLA-AL00 Build/HUAWEIBLA-AL00) AppleWebKit/537.36 (KHTML, like Gecko) Version/4.0 Chrome/57.0.2987.132 MQQBrowser/8.9 Mobile Safari/537.36",
      "ads": "",
      "decoder": 0,
      "webPlus": {}
    },
    {
      "name": "iHOT系列",
      "pic": "https://tva3.sinaimg.cn/large/a15b4afegy1fmvjkpglf3j21hc0u0h59.jpg",
      "url": "https://gitee.com/freedTV/freed/raw/master/tv/ihot.m3u",
      "type": "m3u",
      "subTitle": "经典动画电影整理中",
      "click": false,
      "autoNext": false,
      "webOpen": false,
      "keyDownPlay": true,
      "keyUpPlay": true,
      "userAgent": "Mozilla/5.0 (Linux; U; Android 8.1.0; zh-cn; BLA-AL00 Build/HUAWEIBLA-AL00) AppleWebKit/537.36 (KHTML, like Gecko) Version/4.0 Chrome/57.0.2987.132 MQQBrowser/8.9 Mobile Safari/537.36",
      "ads": "",
      "decoder": 0,
      "webPlus": {}
    },
    {
      "name": "YY轮播(选IKJ解码)",
      "pic": "https://tva3.sinaimg.cn/large/0072Vf1pgy1foxkipc63ij31hc0u0wv2.jpg",
      "url": "https://gitee.com/freedTV/freed/raw/master/tv/yy.m3u",
      "type": "m3u",
      "subTitle": "经典动画电影整理中",
      "click": false,
      "autoNext": false,
      "webOpen": false,
      "keyDownPlay": true,
      "keyUpPlay": true,
      "userAgent": "Mozilla/5.0 (Linux; U; Android 8.1.0; zh-cn; BLA-AL00 Build/HUAWEIBLA-AL00) AppleWebKit/537.36 (KHTML, like Gecko) Version/4.0 Chrome/57.0.2987.132 MQQBrowser/8.9 Mobile Safari/537.36",
      "ads": "",
      "decoder": 0,
      "webPlus": {}
    },
    {
      "name": "央视直播(Web)更新到最新版",
      "pic": "https://tva3.sinaimg.cn/large/0072Vf1pgy1foxkipc63ij31hc0u0wv2.jpg",
      "url": "https://tv.cctv.com/live/",
      "type": "web",
      "subTitle": "经典动画电影整理中",
      "click": true,
      "autoNext": false,
      "webOpen": true,
      "keyDownPlay": true,
      "keyUpPlay": true,
      "userAgent": "PC",
      "ads": "",
      "decoder": 0,
      "webPlus": {}
    },
    {
      "name": "企鹅电竞一起看(Web)更新到最新版",
      "pic": "https://tva3.sinaimg.cn/large/0072Vf1pgy1foxkipc63ij31hc0u0wv2.jpg",
      "url": "https://egame.qq.com/livelist?layoutid=2000000110",
      "type": "web",
      "subTitle": "经典动画电影整理中",
      "click": true,
      "autoNext": false,
      "webOpen": true,
      "userAgent": "Mozilla/5.0 (Linux; U; Android 8.1.0; zh-cn; BLA-AL00 Build/HUAWEIBLA-AL00) AppleWebKit/537.36 (KHTML, like Gecko) Version/4.0 Chrome/57.0.2987.132 MQQBrowser/8.9 Mobile Safari/537.36",
      "ads": "",
      "decoder": 0,
      "webPlus": {}
    },
    {
      "name": "哔哩哔哩一起看(Web)更新到最新版",
      "pic": "https://tva3.sinaimg.cn/large/0072Vf1pgy1foxkipc63ij31hc0u0wv2.jpg",
      "url": "https://live.bilibili.com/p/eden/area-tags?visit_id=c6opq06jels0&areaId=33&parentAreaId=10",
      "type": "web",
      "subTitle": "经典动画电影整理中",
      "click": true,
      "autoNext": false,
      "webOpen": true,
      "keyDownPlay": true,
      "keyUpPlay": true,
      "userAgent": "Mozilla/5.0 (Linux; U; Android 8.1.0; zh-cn; BLA-AL00 Build/HUAWEIBLA-AL00) AppleWebKit/537.36 (KHTML, like Gecko) Version/4.0 Chrome/57.0.2987.132 MQQBrowser/8.9 Mobile Safari/537.36",
      "ads": "",
      "decoder": 0,
      "webPlus": {}
    }
  ]
}