{
  "data": [
    {
      "name": "94神马(规则)",
      "pic": "https://img3.doubanio.com/view/activity_page/raw/public/p4191.jpg",
      "type": "webPlug",
      "ads": "",
      "webUrl": "http://www.9rmb.com",
      "webOpen": false,
      "click": false,
      "webPlus": {
        "search_url": "http://www.9rmb.com/search?wd={kw}",
        "nav_url": "http://www.9rmb.com/type/navCate/navPage.html",
        "navHtml": {
          "name": [
            "电影",
            "电视剧",
            "动漫",
            "综艺"
          ],
          "cate": [
            "1",
            "2",
            "7",
            "4"
          ],
          "page": "1"
        },
        "html": {
          "episodes": {
            "hasUrlPrefix": false,
            "isListItemAttr": true,
            "listCss": "ul > li",
            "isMultiList": false,
            "listCssMulti": "",
            "listItemAttr": "href",
            "listItemCss": "a",
            "listItemIndex": 0,
            "mainCss": "div.panel.panel-default.resource-list",
            "mainIndex": 0
          },
          "nav": {
            "descAttr": "",
            "descCss": "button.hdtag",
            "descIndex": 0,
            "hasUrlPrefix": false,
            "imgAttr": "src",
            "imgCss": "img",
            "imgIndex": 0,
            "isDescAttr": false,
            "isImgAttr": true,
            "isNameAttr": true,
            "isUrlAttr": true,
            "mainCss": "div.row",
            "mainListIndex": 1,
            "nameAttr": "title",
            "nameCss": "a",
            "nameIndex": 0,
            "searchListCss": "div.col-md-1-5 > div.movie-item",
            "urlAttr": "href",
            "urlCss": "a",
            "urlIndex": 0
          },
          "search": {
            "descAttr": "",
            "descCss": "button.hdtag",
            "descIndex": 0,
            "hasUrlPrefix": false,
            "imgAttr": "src",
            "imgCss": "img",
            "imgIndex": 0,
            "isDescAttr": false,
            "isImgAttr": true,
            "isNameAttr": true,
            "isUrlAttr": true,
            "mainCss": "div.row",
            "mainListIndex": 1,
            "nameAttr": "title",
            "nameCss": "a",
            "nameIndex": 0,
            "searchListCss": "div.col-md-1-5 > div.movie-item",
            "urlAttr": "href",
            "urlCss": "a",
            "urlIndex": 0
          }
        }
      }
    },
    {
      "name": "NFXHD(规则)",
      "pic": "https://img3.doubanio.com/view/activity_page/raw/public/p2650.jpg",
      "type": "webPlug",
      "ads": "",
      "webUrl": "https://nfxhd.com/",
      "webOpen": false,
      "click": false,
      "webPlus": {
        "search_url": "https://nfxhd.com/vodsearch/-------------/?wd={kw}&submit=",
        "nav_url": "https://nfxhd.com/vodtype/navCate-navPage/",
        "navHtml": {
          "name": [
            "电影",
            "美剧",
            "日韩"
          ],
          "cate": [
            "movie",
            "tvplay",
            "tvshow"
          ],
          "page": "1"
        },
        "html": {
          "episodes": {
            "hasUrlPrefix": false,
            "isListItemAttr": true,
            "listCss": "ul > li",
            "isMultiList": false,
            "listCssMulti": "",
            "listItemAttr": "href",
            "listItemCss": "a",
            "listItemIndex": 0,
            "mainCss": "div.myui-panel_bd.clearfix",
            "mainIndex": 0
          },
          "nav": {
            "descAttr": "",
            "descCss": "span.pic-tag.pic-tag-top",
            "descIndex": 0,
            "hasUrlPrefix": false,
            "imgAttr": "data-original",
            "imgCss": "a",
            "imgIndex": 0,
            "isDescAttr": false,
            "isImgAttr": true,
            "isNameAttr": true,
            "isUrlAttr": true,
            "mainCss": "ul.myui-vodlist.clearfix",
            "mainListIndex": 0,
            "nameAttr": "title",
            "nameCss": "a",
            "nameIndex": 0,
            "searchListCss": "li",
            "urlAttr": "href",
            "urlCss": "a",
            "urlIndex": 0
          },
          "search": {
            "descAttr": "",
            "descCss": "span.pic-tag.pic-tag-top",
            "descIndex": 0,
            "hasUrlPrefix": false,
            "imgAttr": "data-original",
            "imgCss": "a",
            "imgIndex": 0,
            "isDescAttr": false,
            "isImgAttr": true,
            "isNameAttr": true,
            "isUrlAttr": true,
            "mainCss": "ul#searchList",
            "mainListIndex": 0,
            "nameAttr": "title",
            "nameCss": "a",
            "nameIndex": 0,
            "searchListCss": "li",
            "urlAttr": "href",
            "urlCss": "a",
            "urlIndex": 0
          }
        }
      }
    },
    {
      "name": "爱迪(规则)",
      "pic": "https://img3.doubanio.com/view/activity_page/raw/public/p3190.jpg",
      "type": "webPlug",
      "ads": "",
      "webUrl": "https://aidi.tv",
      "webOpen": false,
      "click": true,
      "webPlus": {
        "search_url": "https://aidi.tv/vsearch/-------------.html?wd={kw}",
        "nav_url": "https://aidi.tv/show/navCate--------navPage---.html",
        "navHtml": {
          "name": [
            "电影",
            "连续剧",
            "综艺",
            "动漫"
          ],
          "cate": [
            "dianying",
            "lianxuju",
            "zongyi",
            "dongman"
          ],
          "page": "1"
        },
        "cateHtml": {
          "isCate": false,
          "isYear": false,
          "isArea": false,
          "cate": "",
          "year": "",
          "area": ""
        },
        "html": {
          "episodes": {
            "hasUrlPrefix": true,
            "isListItemAttr": true,
            "listCss": "li",
            "isMultiList": false,
            "listCssMulti": "",
            "listItemAttr": "href",
            "listItemCss": "a",
            "listItemIndex": 0,
            "mainCss": "ul.content_playlist.clearfix",
            "mainIndex": 0
          },
          "nav": {
            "descAttr": "",
            "descCss": "span.pic_text.text_right",
            "descIndex": 0,
            "hasUrlPrefix": false,
            "imgAttr": "data-original",
            "imgCss": "a",
            "imgIndex": 0,
            "isDescAttr": false,
            "isImgAttr": true,
            "isNameAttr": false,
            "isUrlAttr": true,
            "mainCss": "ul.vodlist.vodlist_wi",
            "mainListIndex": 0,
            "nameAttr": "title",
            "nameCss": "a",
            "nameIndex": 1,
            "searchListCss": "li",
            "urlAttr": "href",
            "urlCss": "a",
            "urlIndex": 0
          },
          "search": {
            "descAttr": "",
            "descCss": "span.pic_text.text_right",
            "descIndex": 0,
            "hasUrlPrefix": false,
            "imgAttr": "data-original",
            "imgCss": "a",
            "imgIndex": 0,
            "isDescAttr": false,
            "isImgAttr": true,
            "isNameAttr": true,
            "isUrlAttr": true,
            "mainCss": "ul.vodlist.clearfix",
            "mainListIndex": 0,
            "nameAttr": "title",
            "nameCss": "a",
            "nameIndex": 0,
            "searchListCss": "li",
            "urlAttr": "href",
            "urlCss": "a",
            "urlIndex": 0
          },
          "video": {
          }
        }
      }
    },
    {
      "name": "一只鱼(规则)",
      "pic": "https://img3.doubanio.com/view/activity_page/raw/public/p3190.jpg",
      "type": "webPlug",
      "ads": "",
      "webUrl": "https://www.4kyu.cc",
      "webOpen": false,
      "click": true,
      "webPlus": {
        "search_url": "https://www.4kyu.cc/vodsearch/-------------.html?wd={kw}&submit=",
        "nav_url": "https://www.4kyu.cc/vodtype/navCate-navPage.html",
        "navHtml": {
          "name": [
            "全部",
            "蓝光电影",
            "蓝光纪录片",
            "蓝光影视",
            "蓝光港台",
            "蓝光英美",
            "蓝光日韩",
            "蓝光动漫",
            "蓝光综艺"
          ],
          "cate": [
            "23",
            "24",
            "31",
            "25",
            "79",
            "81",
            "80",
            "26",
            "33"
          ],
          "page": "1"
        },
        "html": {
          "episodes": {
            "hasUrlPrefix": false,
            "isListItemAttr": true,
            "listCss": "li",
            "isMultiList": false,
            "listCssMulti": "",
            "listItemAttr": "href",
            "listItemCss": "a",
            "listItemIndex": 0,
            "mainCss": "ul.myui-content__list.sort-list.clearfix",
            "mainIndex": 0
          },
          "nav": {
            "descAttr": "",
            "descCss": "span.pic-text.text-right",
            "descIndex": 0,
            "hasUrlPrefix": false,
            "imgAttr": "data-original",
            "imgCss": "a",
            "imgIndex": 0,
            "isDescAttr": false,
            "isImgAttr": true,
            "isNameAttr": false,
            "isUrlAttr": true,
            "mainCss": "ul.myui-vodlist.clearfix",
            "mainListIndex": 0,
            "nameAttr": "title",
            "nameCss": "a",
            "nameIndex": 1,
            "searchListCss": "li",
            "urlAttr": "href",
            "urlCss": "a",
            "urlIndex": 0
          },
          "search": {
            "descAttr": "",
            "descCss": "span.pic-text.text-right",
            "descIndex": 0,
            "hasUrlPrefix": false,
            "imgAttr": "data-original",
            "imgCss": "a",
            "imgIndex": 0,
            "isDescAttr": false,
            "isImgAttr": true,
            "isNameAttr": true,
            "isUrlAttr": true,
            "mainCss": "ul.myui-vodlist__media.clearfix",
            "mainListIndex": 0,
            "nameAttr": "title",
            "nameCss": "a",
            "nameIndex": 0,
            "searchListCss": "li",
            "urlAttr": "href",
            "urlCss": "a",
            "urlIndex": 0
          }
        }
      }
    },
    {
      "name": "9亿看看(规则)",
      "pic": "https://img3.doubanio.com/view/activity_page/raw/public/p2650.jpg",
      "type": "webPlug",
      "ads": "",
      "webUrl": "https://www.9ehao.com/",
      "webOpen": false,
      "click": false,
      "webPlus": {
        "search_url": "https://www.9ehao.com/vod/search.html?wd={kw}&submit=",
        "nav_url": "https://www.9ehao.com/vodshow/navCate/page/navPage",
        "navHtml": {
          "name": [
            "国语配音",
            "热播电影",
            "热播电视",
            "热播美剧",
            "国配外剧"
          ],
          "cate": [
            "gypy",
            "zuijinrebodianying",
            "zuijinrebodianshiju",
            "rebomeiju",
            "guoyupeiyinhanju"
          ],
          "page": "1"
        },
        "html": {
          "episodes": {
            "hasUrlPrefix": false,
            "isListItemAttr": true,
            "listCss": "ul > li",
            "isMultiList": false,
            "listCssMulti": "",
            "listItemAttr": "href",
            "listItemCss": "a",
            "listItemIndex": 0,
            "mainCss": "div.tab-pane.fade.in.clearfix",
            "mainIndex": 0
          },
          "nav": {
            "descAttr": "",
            "descCss": "span.pic-text.text-right",
            "descIndex": 0,
            "hasUrlPrefix": false,
            "imgAttr": "data-original",
            "imgCss": "a",
            "imgIndex": 0,
            "isDescAttr": false,
            "isImgAttr": true,
            "isNameAttr": true,
            "isUrlAttr": true,
            "mainCss": "ul.myui-vodlist.clearfix",
            "mainListIndex": 0,
            "nameAttr": "title",
            "nameCss": "a",
            "nameIndex": 0,
            "searchListCss": "li",
            "urlAttr": "href",
            "urlCss": "a",
            "urlIndex": 0
          },
          "search": {
            "descAttr": "",
            "descCss": "span.pic-text.text-right",
            "descIndex": 0,
            "hasUrlPrefix": false,
            "imgAttr": "data-original",
            "imgCss": "a",
            "imgIndex": 0,
            "isDescAttr": false,
            "isImgAttr": true,
            "isNameAttr": true,
            "isUrlAttr": true,
            "mainCss": "ul#searchList",
            "mainListIndex": 0,
            "nameAttr": "title",
            "nameCss": "a",
            "nameIndex": 0,
            "searchListCss": "li",
            "urlAttr": "href",
            "urlCss": "a",
            "urlIndex": 0
          }
        }
      }
    },
    {
      "name": "555电影(规则)",
      "pic": "https://img3.doubanio.com/view/activity_page/raw/public/p2650.jpg",
      "type": "webPlug",
      "ads": "",
      "webUrl": "https://www.555dy6.com/",
      "webOpen": false,
      "click": true,
      "webPlus": {
        "search_url": "https://www.555dy6.com/index.php/vod/search.html?wd={kw}",
        "nav_url": "https://www.555dy6.com/vodshow/navCate--------navPage---.html",
        "navHtml": {
          "name": [
            "电影",
            "每日推荐",
            "电视剧",
            "热剧推荐",
            "动漫",
            "热漫推荐",
            "综艺",
            "热门综艺"
          ],
          "cate": [
            "1",
            "79",
            "2",
            "88",
            "4",
            "94",
            "3",
            "90"
          ],
          "page": "1"
        },
        "html": {
          "episodes": {
            "hasUrlPrefix": false,
            "isListItemAttr": true,
            "listCss": "li",
            "isMultiList": false,
            "listCssMulti": "",
            "listItemAttr": "href",
            "listItemCss": "a",
            "listItemIndex": 0,
            "mainCss": "ul.myui-content__list.playlist.clearfix",
            "mainIndex": 0
          },
          "nav": {
            "descAttr": "",
            "descCss": "span.pic-text.text-right",
            "descIndex": 0,
            "hasUrlPrefix": false,
            "imgAttr": "data-original",
            "imgCss": "a",
            "imgIndex": 0,
            "isDescAttr": false,
            "isImgAttr": true,
            "isNameAttr": true,
            "isUrlAttr": true,
            "mainCss": "ul.myui-vodlist.clearfix",
            "mainListIndex": 0,
            "nameAttr": "title",
            "nameCss": "a",
            "nameIndex": 0,
            "searchListCss": "li",
            "urlAttr": "href",
            "urlCss": "a",
            "urlIndex": 0
          },
          "search": {
            "descAttr": "",
            "descCss": "span.hl-lc-1.remarks",
            "descIndex": 0,
            "hasUrlPrefix": false,
            "imgAttr": "data-original",
            "imgCss": "a",
            "imgIndex": 0,
            "isDescAttr": false,
            "isImgAttr": true,
            "isNameAttr": true,
            "isUrlAttr": true,
            "mainCss": "ul.hl-one-list",
            "mainListIndex": 0,
            "nameAttr": "title",
            "nameCss": "a",
            "nameIndex": 0,
            "searchListCss": "li",
            "urlAttr": "href",
            "urlCss": "a",
            "urlIndex": 0
          }
        }
      }
    },
    {
      "name": "长资源(规则)",
      "pic": "https://img3.doubanio.com/view/activity_page/raw/public/p2650.jpg",
      "type": "webPlug",
      "ads": "",
      "webUrl": "https://www.qianoo.cn/",
      "webOpen": false,
      "click": true,
      "webPlus": {
        "search_url": "https://www.qianoo.cn/?s={kw}",
        "nav_url": "https://www.qianoo.cn/navCate/page/navPage",
        "navHtml": {
          "name": [
            "最新电影",
            "电视剧",
            "美剧",
            "韩剧",
            "动漫"
          ],
          "cate": [
            "zuixindianying",
            "dsj",
            "meijutt",
            "hanjutv",
            "dm"
          ],
          "page": "1"
        },
        "html": {
          "episodes": {
            "hasUrlPrefix": true,
            "isListItemAttr": true,
            "listCss": "a",
            "isMultiList": false,
            "listCssMulti": "",
            "listItemAttr": "href",
            "listItemCss": "a",
            "listItemIndex": 0,
            "mainCss": "div.paly_list_btn",
            "mainIndex": 0
          },
          "nav": {
            "descAttr": "",
            "descCss": "div > span",
            "descIndex": 0,
            "hasUrlPrefix": true,
            "imgAttr": "data-original",
            "imgCss": "img",
            "imgIndex": 0,
            "isDescAttr": false,
            "isImgAttr": true,
            "isNameAttr": true,
            "isUrlAttr": true,
            "mainCss": "div.bt_img.mi_ne_kd.mrb > ul",
            "mainListIndex": 0,
            "nameAttr": "alt",
            "nameCss": "img",
            "nameIndex": 0,
            "searchListCss": "li",
            "urlAttr": "href",
            "urlCss": "a",
            "urlIndex": 0
          },
          "search": {
            "descAttr": "",
            "descCss": "div > span",
            "descIndex": 0,
            "hasUrlPrefix": true,
            "imgAttr": "data-original",
            "imgCss": "img",
            "imgIndex": 0,
            "isDescAttr": false,
            "isImgAttr": true,
            "isNameAttr": true,
            "isUrlAttr": true,
            "mainCss": "div.bt_img.mi_ne_kd.search_list > ul",
            "mainListIndex": 0,
            "nameAttr": "alt",
            "nameCss": "img",
            "nameIndex": 0,
            "searchListCss": "li",
            "urlAttr": "href",
            "urlCss": "a",
            "urlIndex": 0
          }
        }
      }
    },
    {
      "name": "百度搜索(Web)",
      "pic": "https://img3.doubanio.com/view/activity_page/raw/public/p3190.jpg",
      "keyDownPlay": false,
      "keyUpPlay": false,
      "userAgent": "PC",
      "ads": "",
      "webUrl": "https://www.baidu.com/",
      "webOpen": true,
      "click": true
    },
    {
      "name": "腾讯视频(Web)",
      "pic": "https://img3.doubanio.com/view/activity_page/raw/public/p3190.jpg",
      "keyDownPlay": false,
      "keyUpPlay": false,
      "userAgent": "PC",
      "ads": "",
      "webUrl": "https://v.qq.com/",
      "webOpen": true,
      "click": true
    },
    {
      "name": "iqiyi(Web)",
      "pic": "https://img3.doubanio.com/view/activity_page/raw/public/p3190.jpg",
      "keyDownPlay": false,
      "keyUpPlay": false,
      "userAgent": "PC",
      "ads": "",
      "webUrl": "https://www.iqiyi.com/",
      "webOpen": true,
      "click": true
    },
    {
      "name": "优酷(Web)",
      "pic": "https://img3.doubanio.com/view/activity_page/raw/public/p3190.jpg",
      "keyDownPlay": false,
      "keyUpPlay": false,
      "userAgent": "PC",
      "ads": "",
      "webUrl": "https://www.youku.com/",
      "webOpen": true,
      "click": true
    },
    {
      "name": "哔哩哔哩(Web)",
      "pic": "https://img3.doubanio.com/view/activity_page/raw/public/p3190.jpg",
      "keyDownPlay": false,
      "keyUpPlay": false,
      "userAgent": "PC",
      "ads": "",
      "webUrl": "https://live.bilibili.com/p/eden/area-tags?visit_id=c6opq06jels0&areaId=33&parentAreaId=10",
      "webOpen": true,
      "click": true
    },
    {
      "name": "91美剧(Web)",
      "pic": "https://img3.doubanio.com/view/activity_page/raw/public/p3190.jpg",
      "ads": "weizhenwx,728_93,728_92,320_270,nnsbbd,ad=single,.gif",
      "webUrl": "https://91mjw.com/",
      "webOpen": true,
      "click": true
    },
    {
      "name": "大师兄(Web)",
      "pic": "https://img3.doubanio.com/view/activity_page/raw/public/p3190.jpg",
      "ads": "",
      "webUrl": "https://zz.ci/",
      "webOpen": true,
      "click": true
    },
    {
      "name": "1090(Web)",
      "pic": "https://img3.doubanio.com/view/activity_page/raw/public/p3190.jpg",
      "ads": "weizhenwx,5588196_1622486217",
      "webUrl": "http://1090ys2.com/",
      "webOpen": true,
      "click": true
    },
    {
      "name": "cokemv(Web)",
      "pic": "https://img3.doubanio.com/view/activity_page/raw/public/p3190.jpg",
      "ads": "",
      "webUrl": "https://cokemv.cn/",
      "webOpen": true,
      "click": true
    },
    {
      "name": "flvweb(Web)",
      "pic": "https://img3.doubanio.com/view/activity_page/raw/public/p3190.jpg",
      "ads": "",
      "webUrl": "http://www.flvweb.com/",
      "webOpen": true,
      "click": true
    },
    {
      "name": "哆咪动漫(Web)",
      "pic": "https://img3.doubanio.com/view/activity_page/raw/public/p3190.jpg",
      "ads": "weizhenwx,5588196_1622486217",
      "webUrl": "http://www.dmdm2020.com/",
      "webOpen": true,
      "click": true
    },
    {
      "name": "真不卡(Web)",
      "pic": "https://img3.doubanio.com/view/activity_page/raw/public/p3190.jpg",
      "ads": "weizhenwx,5588196_1622486217",
      "webUrl": "https://bukaivip.com/",
      "webOpen": true,
      "click": true
    },
    {
      "name": "嘀哩影视(Web)",
      "pic": "https://img3.doubanio.com/view/activity_page/raw/public/p3190.jpg",
      "ads": "",
      "webUrl": "http://diliktv.com/",
      "webOpen": true,
      "click": true
    },
    {
      "name": "TV云播(Web)",
      "pic": "https://img3.doubanio.com/view/activity_page/raw/public/p3190.jpg",
      "ads": "onenews",
      "webUrl": "http://www.tvyb02.com/",
      "webOpen": true,
      "click": true
    },
    {
      "name": "一只鱼(Web)",
      "pic": "https://img3.doubanio.com/view/activity_page/raw/public/p3190.jpg",
      "ads": "",
      "webUrl": "https://www.4kyu.cc",
      "webOpen": true,
      "click": true
    }
  ]
}
