{
  "data": [
    {
      "name": "94神马(规则)",
      "pic": "https://img3.doubanio.com/view/activity_page/raw/public/p4191.jpg",
      "type": "webPlug",
      "subTitle": "高清无筛选(菜单键或上下键选集)",
      "subMobileTitle": "高清无筛选",
      "ads": "",
      "webUrl": "http://www.9rmb.com",
      "webOpen": false,
      "click": true,
      "webPlus": {
        "search_url": "http://www.9rmb.com/search?wd={kw}",
        "nav_url": "http://www.9rmb.com/type/navCate/navPage.html",
        "cate_url": "http://1090ys1.com/whole/cateNav_cateArea_cateCate__cateYear___0_id_catePage.html",
        "web_name": "94神马",
        "kw": "wd",
        "params": [
          {
            "key": "key",
            "value": "value"
          }
        ],
        "navHtml": {
          "name": [
            "电影",
            "电视剧",
            "动漫",
            "综艺"
          ],
          "cate": [
            "1",
            "2",
            "7",
            "4"
          ],
          "page": "1"
        },
        "cateHtml": {},
        "html": {
          "episodes": {
            "hasUrlPrefix": false,
            "isListItemAttr": true,
            "isReg": false,
            "isRegNeedDecoder": false,
            "listCss": "ul > li",
            "isMultiList": false,
            "listCssMulti": "",
            "listItemAttr": "href",
            "listItemCss": "a",
            "listItemIndex": 0,
            "mainCss": "div.panel.panel-default.resource-list",
            "mainIndex": 0,
            "regIndexList": [
              0
            ],
            "regItemIndex": 0,
            "regItemStr": "",
            "regSplitList": [
              ""
            ],
            "regStrList": [
              ""
            ]
          },
          "nav": {
            "isKWInUrl": false,
            "isWebPlay": false,
            "descAttr": "",
            "descCss": "button.hdtag",
            "descIndex": 0,
            "hasImgUrlPrefix": true,
            "hasUrlPrefix": false,
            "imgAttr": "src",
            "imgCss": "img",
            "imgIndex": 0,
            "isDescAttr": false,
            "isImgAttr": true,
            "isNameAttr": true,
            "isUrlAttr": true,
            "mainCss": "div.row",
            "mainListIndex": 1,
            "nameAttr": "title",
            "nameCss": "a",
            "nameIndex": 0,
            "searchListCss": "div.col-md-1-5 > div.movie-item",
            "urlAttr": "href",
            "urlCss": "a",
            "urlIndex": 0
          },
          "search": {
            "isKWInUrl": false,
            "isWebPlay": false,
            "descAttr": "",
            "descCss": "button.hdtag",
            "descIndex": 0,
            "hasImgUrlPrefix": true,
            "hasUrlPrefix": false,
            "imgAttr": "src",
            "imgCss": "img",
            "imgIndex": 0,
            "isDescAttr": false,
            "isImgAttr": true,
            "isNameAttr": true,
            "isUrlAttr": true,
            "mainCss": "div.row",
            "mainListIndex": 1,
            "nameAttr": "title",
            "nameCss": "a",
            "nameIndex": 0,
            "searchListCss": "div.col-md-1-5 > div.movie-item",
            "urlAttr": "href",
            "urlCss": "a",
            "urlIndex": 0
          },
          "video": {}
        }
      }
    },
    {
      "name": "NFXHD(规则)",
      "pic": "https://img3.doubanio.com/view/activity_page/raw/public/p2650.jpg",
      "type": "webPlug",
      "subTitle": "",
      "subMobileTitle": "",
      "ads": "",
      "webUrl": "https://nfxhd.com/",
      "webOpen": false,
      "click": true,
      "webPlus": {
        "search_url": "https://nfxhd.com/vodsearch/-------------/?wd={kw}&submit=",
        "nav_url": "https://nfxhd.com/vodtype/navCate-navPage/",
        "cate_url": "",
        "web_name": "奈非",
        "kw": "wd",
        "params": [
          {
            "key": "key",
            "value": "value"
          }
        ],
        "navHtml": {
          "name": [
            "电影",
            "美剧",
            "日韩"
          ],
          "cate": [
            "movie",
            "tvplay",
            "tvshow"
          ],
          "page": "1"
        },
        "cateHtml": {},
        "html": {
          "episodes": {
            "hasUrlPrefix": false,
            "isListItemAttr": true,
            "isReg": false,
            "isRegNeedDecoder": false,
            "listCss": "ul > li",
            "isMultiList": false,
            "listCssMulti": "",
            "listItemAttr": "href",
            "listItemCss": "a",
            "listItemIndex": 0,
            "mainCss": "div.myui-panel_bd.clearfix",
            "mainIndex": 0,
            "regIndexList": [
              0
            ],
            "regItemIndex": 0,
            "regItemStr": "",
            "regSplitList": [
              ""
            ],
            "regStrList": [
              ""
            ]
          },
          "nav": {
            "isKWInUrl": false,
            "isWebPlay": false,
            "descAttr": "",
            "descCss": "span.pic-tag.pic-tag-top",
            "descIndex": 0,
            "hasImgUrlPrefix": true,
            "hasUrlPrefix": false,
            "imgAttr": "data-original",
            "imgCss": "a",
            "imgIndex": 0,
            "isDescAttr": false,
            "isImgAttr": true,
            "isNameAttr": true,
            "isUrlAttr": true,
            "mainCss": "ul.myui-vodlist.clearfix",
            "mainListIndex": 0,
            "nameAttr": "title",
            "nameCss": "a",
            "nameIndex": 0,
            "searchListCss": "li",
            "urlAttr": "href",
            "urlCss": "a",
            "urlIndex": 0
          },
          "search": {
            "isKWInUrl": false,
            "isWebPlay": false,
            "descAttr": "",
            "descCss": "span.pic-tag.pic-tag-top",
            "descIndex": 0,
            "hasImgUrlPrefix": true,
            "hasUrlPrefix": false,
            "imgAttr": "data-original",
            "imgCss": "a",
            "imgIndex": 0,
            "isDescAttr": false,
            "isImgAttr": true,
            "isNameAttr": true,
            "isUrlAttr": true,
            "mainCss": "ul#searchList",
            "mainListIndex": 0,
            "nameAttr": "title",
            "nameCss": "a",
            "nameIndex": 0,
            "searchListCss": "li",
            "urlAttr": "href",
            "urlCss": "a",
            "urlIndex": 0
          },
          "video": {}
        }
      }
    },
    {
      "name": "爱迪(规则)",
      "pic": "https://img3.doubanio.com/view/activity_page/raw/public/p3190.jpg",
      "type": "webPlug",
      "subTitle": "",
      "subMobileTitle": "",
      "ads": "",
      "webUrl": "https://aidi.tv",
      "webOpen": false,
      "click": true,
      "webPlus": {
        "search_url": "https://aidi.tv/vsearch/-------------.html?wd={kw}",
        "nav_url": "https://aidi.tv/show/navCate--------navPage---.html",
        "cate_url": "",
        "web_name": "爱迪影院",
        "kw": "wd",
        "params": [
          {
            "key": "key",
            "value": "value"
          }
        ],
        "navHtml": {
          "name": [
            "电影",
            "连续剧",
            "综艺",
            "动漫"
          ],
          "cate": [
            "dianying",
            "lianxuju",
            "zongyi",
            "dongman"
          ],
          "page": "1"
        },
        "cateHtml": {
          "isCate": false,
          "isYear": false,
          "isArea": false,
          "cate": "",
          "year": "",
          "area": ""
        },
        "html": {
          "episodes": {
            "hasUrlPrefix": true,
            "isListItemAttr": true,
            "isReg": false,
            "isRegNeedDecoder": false,
            "listCss": "li",
            "isMultiList": false,
            "listCssMulti": "",
            "listItemAttr": "href",
            "listItemCss": "a",
            "listItemIndex": 0,
            "mainCss": "ul.content_playlist.clearfix",
            "mainIndex": 0,
            "regIndexList": [
              0
            ],
            "regItemIndex": 0,
            "regItemStr": "",
            "regSplitList": [
              ""
            ],
            "regStrList": [
              ""
            ]
          },
          "nav": {
            "isKWInUrl": false,
            "isWebPlay": false,
            "descAttr": "",
            "descCss": "span.pic_text.text_right",
            "descIndex": 0,
            "hasImgUrlPrefix": true,
            "hasUrlPrefix": false,
            "imgAttr": "data-original",
            "imgCss": "a",
            "imgIndex": 0,
            "isDescAttr": false,
            "isImgAttr": true,
            "isNameAttr": false,
            "isUrlAttr": true,
            "mainCss": "ul.vodlist.vodlist_wi",
            "mainListIndex": 0,
            "nameAttr": "title",
            "nameCss": "a",
            "nameIndex": 1,
            "searchListCss": "li",
            "urlAttr": "href",
            "urlCss": "a",
            "urlIndex": 0
          },
          "search": {
            "isKWInUrl": false,
            "isWebPlay": false,
            "descAttr": "",
            "descCss": "span.pic_text.text_right",
            "descIndex": 0,
            "hasImgUrlPrefix": true,
            "hasUrlPrefix": false,
            "imgAttr": "data-original",
            "imgCss": "a",
            "imgIndex": 0,
            "isDescAttr": false,
            "isImgAttr": true,
            "isNameAttr": true,
            "isUrlAttr": true,
            "mainCss": "ul.vodlist.clearfix",
            "mainListIndex": 0,
            "nameAttr": "title",
            "nameCss": "a",
            "nameIndex": 0,
            "searchListCss": "li",
            "urlAttr": "href",
            "urlCss": "a",
            "urlIndex": 0
          },
          "video": {
          }
        }
      }
    },
    {
      "name": "一只鱼(规则)",
      "pic": "https://img3.doubanio.com/view/activity_page/raw/public/p3190.jpg",
      "type": "webPlug",
      "subTitle": "",
      "subMobileTitle": "",
      "ads": "",
      "webUrl": "https://www.4kyu.cc",
      "webOpen": false,
      "click": true,
      "webPlus": {
        "search_url": "https://www.4kyu.cc/vodsearch/-------------.html?wd={kw}&submit=",
        "nav_url": "https://www.4kyu.cc/vodshow/navCate--------navPage---.html",
        "cate_url": "https://www.4kyu.cc/vodshow/cateNav-cateArea--cateCate-----catePage---cateYear.html",
        "web_name": "一只鱼",
        "kw": "wd",
        "params": [
          {
            "key": "key",
            "value": "value"
          }
        ],
        "navHtml": {
          "name": [
            "全部",
            "蓝光电影",
            "蓝光纪录片",
            "蓝光影视",
            "蓝光港台",
            "蓝光英美",
            "蓝光日韩",
            "蓝光动漫",
            "蓝光综艺"
          ],
          "cate": [
            "23",
            "24",
            "31",
            "25",
            "79",
            "81",
            "80",
            "26",
            "33"
          ],
          "page": "1"
        },
        "cateHtml": {},
        "html": {
          "episodes": {
            "hasUrlPrefix": false,
            "isListItemAttr": true,
            "isReg": false,
            "isRegNeedDecoder": false,
            "listCss": "li",
            "isMultiList": false,
            "listCssMulti": "",
            "listItemAttr": "href",
            "listItemCss": "a",
            "listItemIndex": 0,
            "mainCss": "ul.myui-content__list.sort-list.clearfix",
            "mainIndex": 0,
            "regIndexList": [
              0
            ],
            "regItemIndex": 0,
            "regItemStr": "",
            "regSplitList": [
              ""
            ],
            "regStrList": [
              ""
            ]
          },
          "nav": {
            "isKWInUrl": false,
            "isWebPlay": false,
            "descAttr": "",
            "descCss": "span.pic-text.text-right",
            "descIndex": 0,
            "hasImgUrlPrefix": true,
            "hasUrlPrefix": false,
            "imgAttr": "data-original",
            "imgCss": "a",
            "imgIndex": 0,
            "isDescAttr": false,
            "isImgAttr": true,
            "isNameAttr": false,
            "isUrlAttr": true,
            "mainCss": "ul.myui-vodlist.clearfix",
            "mainListIndex": 0,
            "nameAttr": "title",
            "nameCss": "a",
            "nameIndex": 1,
            "searchListCss": "li",
            "urlAttr": "href",
            "urlCss": "a",
            "urlIndex": 0
          },
          "search": {
            "isKWInUrl": false,
            "isWebPlay": false,
            "descAttr": "",
            "descCss": "span.pic-text.text-right",
            "descIndex": 0,
            "hasImgUrlPrefix": true,
            "hasUrlPrefix": false,
            "imgAttr": "data-original",
            "imgCss": "a",
            "imgIndex": 0,
            "isDescAttr": false,
            "isImgAttr": true,
            "isNameAttr": true,
            "isUrlAttr": true,
            "mainCss": "ul.myui-vodlist__media.clearfix",
            "mainListIndex": 0,
            "nameAttr": "title",
            "nameCss": "a",
            "nameIndex": 0,
            "searchListCss": "li",
            "urlAttr": "href",
            "urlCss": "a",
            "urlIndex": 0
          },
          "video": {}
        }
      }
    },
    {
      "name": "9亿看看(规则)",
      "pic": "https://img3.doubanio.com/view/activity_page/raw/public/p2650.jpg",
      "type": "webPlug",
      "subTitle": "清晰1080P/4K最高60帧",
      "subMobileTitle": "清晰1080P/4K最高60帧",
      "ads": "",
      "webUrl": "https://www.9ehao.com",
      "webOpen": false,
      "click": true,
      "webPlus": {
        "search_url": "https://www.9ehao.com/vod/search.html?wd={kw}&submit=",
        "nav_url": "https://www.9ehao.com/vodshow/navCate/page/navPage",
        "cate_url": "https://9ehao.com/vodshow/cateNav/area/cateArea/page/catePage/year/cateYear/class/cateCate",
        "web_name": "9亿看看",
        "kw": "wd",
        "params": [
          {
            "key": "key",
            "value": "value"
          }
        ],
        "navHtml": {
          "name": [
            "国语配音",
            "热播电影",
            "热播电视",
            "热播美剧",
            "国配外剧"
          ],
          "cate": [
            "gypy",
            "zuijinrebodianying",
            "zuijinrebodianshiju",
            "rebomeiju",
            "guoyupeiyinhanju"
          ],
          "page": "1"
        },
        "cateHtml": {},
        "html": {
          "episodes": {
            "hasUrlPrefix": false,
            "isListItemAttr": true,
            "isReg": false,
            "isRegNeedDecoder": false,
            "listCss": "ul > li",
            "isMultiList": false,
            "listCssMulti": "",
            "listItemAttr": "href",
            "listItemCss": "a",
            "listItemIndex": 0,
            "mainCss": "div.tab-pane.fade.in.clearfix",
            "mainIndex": 0,
            "regIndexList": [
              0
            ],
            "regItemIndex": 0,
            "regItemStr": "",
            "regSplitList": [
              ""
            ],
            "regStrList": [
              ""
            ]
          },
          "nav": {
            "isKWInUrl": false,
            "isWebPlay": false,
            "descAttr": "",
            "descCss": "span.pic-text.text-right",
            "descIndex": 0,
            "hasImgUrlPrefix": true,
            "hasUrlPrefix": false,
            "imgAttr": "data-original",
            "imgCss": "a",
            "imgIndex": 0,
            "isDescAttr": false,
            "isImgAttr": true,
            "isNameAttr": true,
            "isUrlAttr": true,
            "mainCss": "ul.myui-vodlist.clearfix",
            "mainListIndex": 0,
            "nameAttr": "title",
            "nameCss": "a",
            "nameIndex": 0,
            "searchListCss": "li",
            "urlAttr": "href",
            "urlCss": "a",
            "urlIndex": 0
          },
          "search": {
            "isKWInUrl": false,
            "isWebPlay": false,
            "descAttr": "",
            "descCss": "span.pic-text.text-right",
            "descIndex": 0,
            "hasImgUrlPrefix": true,
            "hasUrlPrefix": false,
            "imgAttr": "data-original",
            "imgCss": "a",
            "imgIndex": 0,
            "isDescAttr": false,
            "isImgAttr": true,
            "isNameAttr": true,
            "isUrlAttr": true,
            "mainCss": "ul#searchList",
            "mainListIndex": 0,
            "nameAttr": "title",
            "nameCss": "a",
            "nameIndex": 0,
            "searchListCss": "li",
            "urlAttr": "href",
            "urlCss": "a",
            "urlIndex": 0
          },
          "video": {}
        }
      }
    },
    {
      "name": "555电影(规则)",
      "pic": "https://img3.doubanio.com/view/activity_page/raw/public/p2650.jpg",
      "type": "webPlug",
      "subTitle": "清晰1080P/4K最高60帧",
      "subMobileTitle": "清晰1080P/4K最高60帧",
      "ads": "",
      "webUrl": "https://www.o8tv.com/",
      "webOpen": false,
      "click": true,
      "webPlus": {
        "search_url": "https://www.o8tv.com/index.php/vod/search.html?wd={kw}",
        "nav_url": "https://www.o8tv.com/index.php/vod/show/id/navCate/page/navPage.html",
        "cate_url": "",
        "web_name": "555电影",
        "kw": "wd",
        "params": [
          {
            "key": "key",
            "value": "value"
          }
        ],
        "navHtml": {
          "name": [
            "蓝光电影",
            "蓝光连续剧",
            "蓝光动漫",
            "蓝光综艺",
            "电影精品推荐",
            "全部电影",
            "电视精品推荐",
            "全部电视",
            "热漫推荐",
            "全部动漫",
            "热门综艺",
            "全部综艺"
          ],
          "cate": [
            "106",
            "107",
            "108",
            "109",
            "79",
            "1",
            "88",
            "2",
            "94",
            "4",
            "90",
            "3"
          ],
          "page": "1"
        },
        "cateHtml": {},
        "html": {
          "episodes": {
            "hasUrlPrefix": false,
            "isListItemAttr": true,
            "isReg": false,
            "isRegNeedDecoder": false,
            "listCss": "ul > li",
            "isMultiList": false,
            "listCssMulti": "",
            "listItemAttr": "href",
            "listItemCss": "a",
            "listItemIndex": 0,
            "mainCss": "div.hl-list-wrap",
            "mainIndex": 0,
            "regIndexList": [
              0
            ],
            "regItemIndex": 0,
            "regItemStr": "",
            "regSplitList": [
              ""
            ],
            "regStrList": [
              ""
            ]
          },
          "nav": {
            "isKWInUrl": false,
            "isWebPlay": false,
            "descAttr": "",
            "descCss": "span.hl-lc-1.remarks",
            "descIndex": 0,
            "hasImgUrlPrefix": false,
            "hasUrlPrefix": false,
            "imgAttr": "data-original",
            "imgCss": "a",
            "imgIndex": 0,
            "isDescAttr": false,
            "isImgAttr": true,
            "isNameAttr": true,
            "isUrlAttr": true,
            "mainCss": "ul.hl-vod-list.clearfix",
            "mainListIndex": 0,
            "nameAttr": "title",
            "nameCss": "a",
            "nameIndex": 0,
            "searchListCss": "li",
            "urlAttr": "href",
            "urlCss": "a",
            "urlIndex": 0
          },
          "search": {
            "isKWInUrl": false,
            "isWebPlay": false,
            "descAttr": "",
            "descCss": "span.hl-lc-1.remarks",
            "descIndex": 0,
            "hasImgUrlPrefix": true,
            "hasUrlPrefix": false,
            "imgAttr": "data-original",
            "imgCss": "a",
            "imgIndex": 0,
            "isDescAttr": false,
            "isImgAttr": true,
            "isNameAttr": true,
            "isUrlAttr": true,
            "mainCss": "ul.hl-one-list",
            "mainListIndex": 0,
            "nameAttr": "title",
            "nameCss": "a",
            "nameIndex": 0,
            "searchListCss": "li",
            "urlAttr": "href",
            "urlCss": "a",
            "urlIndex": 0
          },
          "video": {}
        }
      }
    },
    {
      "name": "长资源(规则)",
      "pic": "https://img3.doubanio.com/view/activity_page/raw/public/p2650.jpg",
      "type": "webPlug",
      "subTitle": "",
      "subMobileTitle": "",
      "ads": "",
      "webUrl": "https://www.qianoo.cn/",
      "webOpen": false,
      "click": true,
      "webPlus": {
        "search_url": "https://www.qianoo.cn/?s={kw}",
        "nav_url": "https://www.qianoo.cn/navCate/page/navPage",
        "cate_url": "",
        "web_name": "长资源",
        "kw": "wd",
        "params": [
          {
            "key": "key",
            "value": "value"
          }
        ],
        "navHtml": {
          "name": [
            "最新电影",
            "电视剧",
            "美剧",
            "韩剧",
            "动漫"
          ],
          "cate": [
            "zuixindianying",
            "dsj",
            "meijutt",
            "hanjutv",
            "dm"
          ],
          "page": "1"
        },
        "cateHtml": {},
        "html": {
          "episodes": {
            "hasUrlPrefix": true,
            "isListItemAttr": true,
            "isReg": false,
            "isRegNeedDecoder": false,
            "listCss": "a",
            "isMultiList": false,
            "listCssMulti": "",
            "listItemAttr": "href",
            "listItemCss": "a",
            "listItemIndex": 0,
            "mainCss": "div.paly_list_btn",
            "mainIndex": 0,
            "regIndexList": [
              0
            ],
            "regItemIndex": 0,
            "regItemStr": "",
            "regSplitList": [
              ""
            ],
            "regStrList": [
              ""
            ]
          },
          "nav": {
            "isKWInUrl": false,
            "isWebPlay": false,
            "descAttr": "",
            "descCss": "div > span",
            "descIndex": 0,
            "hasImgUrlPrefix": true,
            "hasUrlPrefix": true,
            "imgAttr": "data-original",
            "imgCss": "img",
            "imgIndex": 0,
            "isDescAttr": false,
            "isImgAttr": true,
            "isNameAttr": true,
            "isUrlAttr": true,
            "mainCss": "div.bt_img.mi_ne_kd.mrb > ul",
            "mainListIndex": 0,
            "nameAttr": "alt",
            "nameCss": "img",
            "nameIndex": 0,
            "searchListCss": "li",
            "urlAttr": "href",
            "urlCss": "a",
            "urlIndex": 0
          },
          "search": {
            "isKWInUrl": false,
            "isWebPlay": false,
            "descAttr": "",
            "descCss": "div > span",
            "descIndex": 0,
            "hasImgUrlPrefix": true,
            "hasUrlPrefix": true,
            "imgAttr": "data-original",
            "imgCss": "img",
            "imgIndex": 0,
            "isDescAttr": false,
            "isImgAttr": true,
            "isNameAttr": true,
            "isUrlAttr": true,
            "mainCss": "div.bt_img.mi_ne_kd.search_list > ul",
            "mainListIndex": 0,
            "nameAttr": "alt",
            "nameCss": "img",
            "nameIndex": 0,
            "searchListCss": "li",
            "urlAttr": "href",
            "urlCss": "a",
            "urlIndex": 0
          },
          "video": {}
        }
      }
    },
    {
      "name": "宅看影视(规则)",
      "pic": "https://img3.doubanio.com/view/activity_page/raw/public/p3190.jpg",
      "type": "webPlug",
      "subTitle": "高清速度快无筛选(菜单键或上下键选集)",
      "subMobileTitle": "高清速度快无筛选",
      "ads": "",
      "webUrl": "https://www.zhaikanys.com",
      "webOpen": false,
      "click": true,
      "webPlus": {
        "search_url": "https://www.zhaikanys.com/vodsearch/-------------.html?wd={kw}",
        "nav_url": "https://www.zhaikanys.com/vodshow/navCate--------navPage---.html",
        "cate_url": "https://www.zhaikanys.com/vodshow/cateNav-cateArea--cateCate-----catePage---cateYear.html",
        "web_name": "宅看影视",
        "kw": "wd",
        "params": [
          {
            "key": "key",
            "value": "value"
          }
        ],
        "navHtml": {
          "name": [
            "电影",
            "电视剧",
            "动漫",
            "综艺"
          ],
          "cate": [
            "1",
            "2",
            "4",
            "3"
          ],
          "page": "1"
        },
        "cateHtml": {},
        "html": {
          "episodes": {
            "hasUrlPrefix": false,
            "isListItemAttr": true,
            "isReg": false,
            "isRegNeedDecoder": false,
            "listCss": "li",
            "isMultiList": false,
            "listCssMulti": "",
            "listItemAttr": "href",
            "listItemCss": "a",
            "listItemIndex": 0,
            "mainCss": "ul.content_playlist.cf",
            "mainIndex": 0,
            "regIndexList": [
              0
            ],
            "regItemIndex": 0,
            "regItemStr": "",
            "regSplitList": [
              ""
            ],
            "regStrList": [
              ""
            ]
          },
          "nav": {
            "isKWInUrl": false,
            "isWebPlay": false,
            "descAttr": "",
            "descCss": "span.pack-prb",
            "descIndex": 0,
            "hasImgUrlPrefix": true,
            "hasUrlPrefix": false,
            "imgAttr": "data-original",
            "imgCss": "a.aplus-exp > div.ec-jabj",
            "imgIndex": 0,
            "isDescAttr": false,
            "isImgAttr": true,
            "isNameAttr": true,
            "isUrlAttr": true,
            "mainCss": "div.hotgrow.eclist",
            "mainListIndex": 0,
            "nameAttr": "title",
            "nameCss": "a.aplus-exp",
            "nameIndex": 0,
            "searchListCss": "div.pack-ykpack",
            "urlAttr": "href",
            "urlCss": "a.aplus-exp",
            "urlIndex": 0
          },
          "search": {
            "isKWInUrl": false,
            "isWebPlay": false,
            "descAttr": "",
            "descCss": "span.author",
            "descIndex": 0,
            "hasImgUrlPrefix": true,
            "hasUrlPrefix": false,
            "imgAttr": "data-original",
            "imgCss": "a > div.ecimgbor",
            "imgIndex": 0,
            "isDescAttr": false,
            "isImgAttr": true,
            "isNameAttr": true,
            "isUrlAttr": true,
            "mainCss": "div.ec-search",
            "mainListIndex": 0,
            "nameAttr": "title",
            "nameCss": "a",
            "nameIndex": 0,
            "searchListCss": "li",
            "urlAttr": "href",
            "urlCss": "a",
            "urlIndex": 0
          },
          "video": {}
        }
      }
    },
    {
      "name": "团长资源",
      "pic": "https://img3.doubanio.com/view/activity_page/raw/public/p3190.jpg",
      "url": "https://gitee.com/shuncaigao/sourceShare/raw/master/tv/doubantop100.json",
      "type": "webPlug",
      "subTitle": "高清速度快有筛选(菜单键或上下键选集)",
      "subMobileTitle": "高清速度快有筛选",
      "click": false,
      "webPlus": {
        "search_url": "https://www.nfmovies.com/search.php?searchword={kw}",
        "nav_url": "https://www.tzfile.com/movie_bt/movie_bt_series/navCate/page/navPage",
        "cate_url": "https://www.nfmovies.com/search.php?page=catePage&searchtype=5&tid=cateNav&area=cateArea&year=cateYear",
        "web_name": "团长资源",
        "kw": "wd",
        "params": [
          {
            "key": "key",
            "value": "value"
          }
        ],
        "navHtml": {
          "name": [
            "国产电影",
            "日韩电影",
            "欧美电影",
            "海外电影",
            "电影",
            "电视剧",
            "纪录片",
            "里番"
          ],
          "cate": [
            "国产电影",
            "日韩电影",
            "欧美电影",
            "海外电影",
            "电影",
            "电视剧",
            "纪录片",
            "里番"
          ],
          "page": "1"
        },
        "cateHtml": {
          "isCate": false,
          "isYear": false,
          "isArea": false,
          "cate": "全部,&&动作,动作&&剧情,剧情&&喜剧,喜剧&&爱情,爱情&&科幻,科幻&&惊悚,惊悚&&恐怖,恐怖&&悬疑,悬疑&&奇幻,奇幻古装,古装&&灾难,灾难",
          "year": "全部,&&2020,2020&&2019,2019&&2018,2018&&2017,2017&&2016,2016&&2015,2015&&2014,2014&&2013,2013&&2012,2012&&2011,2011&&2010,2010&&2009,2009&&2008,2008&&更早,更早",
          "area": "全部,&&大陆,大陆&&香港,香港&&台湾,台湾&&美国,美国&&法国,法国&&英国,英国&&日本,日本&&韩国,韩国&&印度,印度&&泰国,泰国&&其他,其他"
        },
        "html": {
          "episodes": {
            "hasUrlPrefix": true,
            "isListItemAttr": true,
            "isReg": false,
            "isRegNeedDecoder": false,
            "listCss": "a",
            "isMultiList": false,
            "listCssMulti": "",
            "listItemAttr": "href",
            "listItemCss": "a",
            "listItemIndex": 0,
            "mainCss": "div.paly_list_btn",
            "mainIndex": 0,
            "regIndexList": [
              0
            ],
            "regItemIndex": 0,
            "regItemStr": "",
            "regSplitList": [
              ""
            ],
            "regStrList": [
              ""
            ]
          },
          "nav": {
            "isKWInUrl": false,
            "isWebPlay": false,
            "descAttr": "",
            "descCss": "span.qb",
            "descIndex": 0,
            "hasUrlPrefix": true,
            "hasImgUrlPrefix": true,
            "imgAttr": "data-original",
            "imgCss": "a",
            "imgIndex": 0,
            "isDescAttr": false,
            "isImgAttr": true,
            "isNameAttr": true,
            "isUrlAttr": true,
            "mainCss": "div.bt_img mi_ne_kd.mrb",
            "mainListIndex": 0,
            "nameAttr": "alt",
            "nameCss": "img",
            "nameIndex": 0,
            "searchListCss": "ul > li",
            "urlAttr": "href",
            "urlCss": "a",
            "urlIndex": 0
          },
          "search": {
            "isKWInUrl": false,
            "isWebPlay": false,
            "descAttr": "",
            "descCss": "span.pic-text.text-right",
            "descIndex": 0,
            "hasUrlPrefix": false,
            "imgAttr": "data-original",
            "imgCss": "a",
            "imgIndex": 0,
            "isDescAttr": false,
            "hasImgUrlPrefix": false,
            "isImgAttr": true,
            "isNameAttr": true,
            "isUrlAttr": true,
            "mainCss": "ul#searchList",
            "mainListIndex": 0,
            "nameAttr": "title",
            "nameCss": "a",
            "nameIndex": 0,
            "searchListCss": "li",
            "urlAttr": "href",
            "urlCss": "a",
            "urlIndex": 0
          },
          "video": {
            "episodesListCss": "",
            "episodesMainCss": "",
            "episodesMainIndex": 0,
            "hasEpisodes": false,
            "hasUrlPrefix": false,
            "iframeAttr": "src",
            "iframeIndex": 0,
            "isFrame": true,
            "isFrameProcess": false,
            "isItemAttr": false,
            "isNameAttr": false,
            "isReg": true,
            "isUrlAttr": false,
            "itemAttr": "",
            "itemCss": "script",
            "itemIndex": 2,
            "mainCss": "body",
            "mainIndex": 0,
            "nameAttr": "",
            "nameCss": "",
            "nameIndex": 0,
            "regIndex": 0,
            "regStr": "(?<=<video src=\")(.*)(?=\" controls=)",
            "title": "",
            "urlAttr": "",
            "urlCss": "",
            "urlIndex": 0,
            "videoCss": "",
            "videoIndex": 1,
            "isVideoUrlAttr": true,
            "videoUrlAttr": "",
            "isFromWebView": false,
            "js": ""
          }
        }
      }
    }
  ]
}