{
  "data": [
    {
      "name": "惊奇队长",
      "url": "https://api.subaibai.com/m3/国外电影/惊奇队长.m3u8",
      "pic": "https://liaoyantai.cn/wp-content/uploads/2019/07/e7da17281e25da33d6d6508e843e8c2a-270x380.jpg",
      "parse": false
    },
    {
      "name": "奇异博士",
      "url": "https://api.subaibai.com/m3/国外电影/奇异博士.m3u8",
      "pic": "https://liaoyantai.cn/wp-content/uploads/2020/04/44341af966a3acb1bc47f89313a62db2-270x380.jpg",
      "parse": false
    },
    {
      "name": "美国队长2",
      "url": "https://api.subaibai.com/m3/国外电影/美国队长2.m3u8",
      "pic": "https://liaoyantai.cn/wp-content/uploads/2020/04/2dfa75fc8d53374c39741cf1708dbe34-270x380.jpg",
      "parse": false
    },
    {
      "name": "蜘蛛侠：英雄归来",
      "url": "https://api.subaibai.com/m3/国外电影/蜘蛛侠英雄归来.m3u8",
      "pic": "https://liaoyantai.cn/wp-content/uploads/2020/04/50d27f7e221fd55c46e21f342274fa11-270x380.jpg",
      "parse": false
    },
    {
      "name": "蚁人2黄蜂女现身",
      "url": "https://api.subaibai.com/m3/国外电影/蚁人2黄蜂女现身.m3u8",
      "pic": "https://liaoyantai.cn/wp-content/uploads/2020/04/4ba9f1ae262218e4135744594d0b0a11-270x380.jpg",
      "parse": false
    },
    {
      "name": "黑豹",
      "url": "https://api.subaibai.com/m3/国外电影/黑豹.m3u8",
      "pic": "https://liaoyantai.cn/wp-content/uploads/2020/04/d665d7623881c10c4ade9c06f33af652-270x380.jpg",
      "parse": false
    },
    {
      "name": "蚁人",
      "url": "https://api.subaibai.com/m3/国外电影/蚁人.m3u8",
      "pic": "https://liaoyantai.cn/wp-content/uploads/2020/05/a382885124681b12794fae390e02d3c2-270x380.jpg",
      "parse": false
    },
    {
      "name": "钢铁侠3",
      "url": "https://api.subaibai.com/m3/国外电影/钢铁侠3.m3u8",
      "pic": "https://liaoyantai.cn/wp-content/uploads/2020/05/ee3c1026e002117a32acea8a3e93834d-270x380.jpg",
      "parse": false
    },
    {
      "name": "钢铁侠2",
      "url": "https://api.subaibai.com/m3/国外电影/钢铁侠2.m3u8",
      "pic": "https://liaoyantai.cn/wp-content/uploads/2020/05/20aa79f33f848d971b7d1fc24a3b4249-270x380.jpg",
      "parse": false
    },
    {
      "name": "美国队长",
      "url": "https://api.subaibai.com/m3/国外电影/美国队长.m3u8",
      "pic": "https://liaoyantai.cn/wp-content/uploads/2020/05/5dfe86e2e414409a2378e526b2a02bae-270x380.jpg",
      "parse": false
    },
    {
      "name": "钢铁侠",
      "url": "https://api.subaibai.com/m3/国外电影/钢铁侠.m3u8",
      "pic": "https://liaoyantai.cn/wp-content/uploads/2020/05/4e03b3425a7036ae5209ffc0ea60c482-270x380.jpg",
      "parse": false
    },
    {
      "name": "美国队长3",
      "url": "https://api.subaibai.com/m3/国外电影/美国队长3.m3u8",
      "pic": "https://liaoyantai.cn/wp-content/uploads/2020/05/1f5e300a0a94ead4c78d7b4ccd3999cc-270x380.jpg",
      "parse": false
    },
    {
      "name": "复仇者联盟2奥创纪元",
      "url": "https://api.subaibai.com/m3/国外电影/复仇者联盟2.m3u8",
      "pic": "https://liaoyantai.cn/wp-content/uploads/2020/05/71a517e2de299dbd537a76357f1be01c-270x380.jpg",
      "parse": false
    },
    {
      "name": "复仇者联盟3无限战争",
      "url": "https://api.subaibai.com/m3/国外电影/复仇者联盟3.m3u8",
      "pic": "https://liaoyantai.cn/wp-content/uploads/2020/05/29fe5fdbfaaa8b342659829294a3812e-270x380.jpg",
      "parse": false
    },
    {
      "name": "雷神",
      "url": "https://api.subaibai.com/m3/国外电影/雷神1.m3u8",
      "pic": "https://liaoyantai.cn/wp-content/uploads/2020/04/6fd4aeb46a80e09900c42fc91dc842fe-270x380.jpg",
      "parse": false
    },
    {
      "name": "雷神2黑暗世界",
      "url": "https://api.subaibai.com/m3/国外电影/雷神2.m3u8",
      "pic": "https://liaoyantai.cn/wp-content/uploads/2020/04/776254b1c2e6a9325a7b4fca5d6bdf7e-270x380.jpg",
      "parse": false
    },
    {
      "name": "雷神3诸神黄昏",
      "url": "https://api.subaibai.com/m3/国外电影/雷神3.m3u8",
      "pic": "https://liaoyantai.cn/wp-content/uploads/2020/04/dbed452bacfe36362d2a3b35faa89366-270x380.jpg",
      "parse": false
    },
    {
      "name": "银河护卫队2",
      "url": "https://api.subaibai.com/m3/国外电影/银河护卫队2.m3u8",
      "pic": "https://liaoyantai.cn/wp-content/uploads/2020/05/2e5b892c96973cffa33e34a05103f04d-270x380.jpg",
      "parse": false
    },
    {
      "name": "蜘蛛侠英雄远征",
      "url": "https://api.subaibai.com/m3/国外电影/蜘蛛侠英雄远征.m3u8",
      "pic": "https://liaoyantai.cn/wp-content/uploads/2020/04/51fccd94870ec18f4758ac18a45ceeb7-270x380.jpg",
      "parse": false
    },
    {
      "name": "银河护卫队",
      "url": "https://api.subaibai.com/m3/国外电影/银河护卫队.m3u8",
      "pic": "https://liaoyantai.cn/wp-content/uploads/2021/04/ea2db58e4c8d1a1e1f633782e690cf94-270x380.jpg",
      "parse": false
    },
    {
      "name": "无敌浩克",
      "url": "https://api.subaibai.com/m3/国外电影/无敌浩克.m3u8",
      "pic": "https://liaoyantai.cn/wp-content/uploads/2021/04/a1f4227eeb6b21e3f3534f27d44feabc-270x380.jpg",
      "parse": false
    },
    {
      "name": "复仇者联盟1",
      "url": "https://api.subaibai.com/m3/国外电影/复仇者联盟1.m3u8",
      "pic": "https://liaoyantai.cn/wp-content/uploads/2021/04/a6fdb68aa3192c557146578cdfd03050-270x380.jpg",
      "parse": false
    },
    {
      "name": "复仇者联盟4",
      "url": "https://api.subaibai.com/m3/国外电影/复仇者联盟4.m3u8",
      "pic": "https://liaoyantai.cn/wp-content/uploads/2021/04/01a8250f8ccccb907a51a288d541a7dd-270x380.jpg",
      "parse": false
    }
  ]
}